yearsReviews,sentimiento,item_name
2015,2,Counter-Strike
2012,0,Team Fortress Classic
2013,2,Team Fortress Classic
2014,2,Team Fortress Classic
2015,4,Team Fortress Classic
2015,1,Day of Defeat
2014,2,Half-Life: Opposing Force
2012,2,Half-Life
2014,3,Counter-Strike: Condition Zero
2012,2,Half-Life 2
2014,5,Half-Life 2
2015,2,Half-Life 2
2011,2,Counter-Strike: Source
2013,1,Counter-Strike: Source
2014,7,Counter-Strike: Source
2015,1,Counter-Strike: Source
2015,2,Half-Life: Source
2014,2,Day of Defeat: Source
2015,2,Day of Defeat: Source
2015,0,Half-Life 2: Deathmatch
2014,4,Half-Life 2: Lost Coast
2014,0,Half-Life Deathmatch: Source
2014,0,Half-Life 2: Episode One
2015,2,Left 4 Dead
2012,7,Left 4 Dead 2
2013,3,Left 4 Dead 2
2014,7,Left 4 Dead 2
2015,5,Left 4 Dead 2
2014,3,Portal 2
2015,0,Portal 2
2012,84,Counter-Strike: Global Offensive
2013,4,Counter-Strike: Global Offensive
2014,38,Counter-Strike: Global Offensive
2015,126,Counter-Strike: Global Offensive
2014,5,Killing Floor
2015,0,Killing Floor
2014,0,DEFCON
2015,1,DEFCON
2013,0,Iron Warriors: T-72 Tank Command
2014,2,Earth 2160
2014,0,The Ship
2014,1,Bloody Good Time
2014,0,Vigil: Blood Bitterness
2014,2,Alpha Prime
2015,0,X3: Terran Conflict
2012,0,X-Tension
2013,1,X Rebirth
2014,0,X Rebirth
2015,2,BookWorm Deluxe
2014,2,Peggle Extreme
2015,1,Sniper Elite
2012,12,Garry's Mod
2013,2,Garry's Mod
2014,14,Garry's Mod
2015,20,Garry's Mod
2014,0,S.T.A.L.K.E.R.: Shadow of Chernobyl
2012,2,Medieval II: Total War
2013,2,Natural Selection 2
2014,1,Natural Selection 2
2015,2,Natural Selection 2
2012,2,STAR WARS™ Battlefront™ II
2014,3,STAR WARS™ Battlefront™ II
2015,0,STAR WARS™ Battlefront™ II
2013,0,Eets
2014,0,Devil May Cry 3: Special Edition
2014,0,Battlestations: Midway
2015,2,Just Cause
2014,1,Hitman: Codename 47
2015,1,Hitman: Codename 47
2015,1,Deus Ex: Game of the Year Edition
2012,1,Thief: Deadly Shadows
2014,2,TrackMania United
2014,2,Two Worlds II
2015,2,BioShock
2012,0,Men of War
2014,0,Call of Duty 4: Modern Warfare
2015,0,Call of Duty 4: Modern Warfare
2015,2,Kane & Lynch: Dead Men
2012,1,Tomb Raider: Underworld
2012,0,Battlestations: Pacific
2015,1,Battlestations: Pacific
2012,0,Just Cause 2
2013,2,Just Cause 2
2014,2,Just Cause 2
2015,4,Just Cause 2
2014,3,EVE Online
2014,2,RACE 07
2014,2,BioShock 2
2015,2,BioShock 2
2012,6,BioShock Infinite
2014,1,BioShock Infinite
2014,2,Sid Meier's Civilization V
2015,2,Sid Meier's Civilization V
2015,0,Axel & Pixel
2014,0,DOOM 3
2015,2,DOOM 3: Resurrection of Evil
2013,0,Commander Keen Complete Pack
2013,0,RAGE
2014,2,Company of Heroes: Opposing Fronts
2015,2,"Warhammer 40,000: Dawn of War – Soulstorm"
2014,2,Saints Row 2
2015,2,Saints Row 2
2015,1,Tycoon City: New York
2015,2,Champions Online
2012,1,Star Trek Online
2014,4,Star Trek Online
2015,5,Star Trek Online
2015,1,Test Drive Unlimited 2
2015,2,Call of Duty: World at War
2012,1,Call of Duty: Modern Warfare 2
2013,0,Call of Duty: Modern Warfare 2
2014,4,Call of Duty: Modern Warfare 2
2015,0,Call of Duty: Modern Warfare 2
2012,0,Postal 3
2014,2,Postal 3
2015,2,Postal 3
2012,2,Aliens vs. Predator
2013,0,Aliens vs. Predator
2014,2,Aliens vs. Predator
2013,0,TrackMania Nations Forever
2014,2,Sherlock Holmes: The Mystery of The Mummy
2014,0,Gumboy Tournament
2014,2,Space Trader: Merchant Marine
2014,0,Pacific Storm: Allies
2014,1,Crash Time II
2014,2,Hospital Tycoon
2013,1,Dragon Nest
2014,5,Grand Theft Auto: San Andreas
2015,1,Grand Theft Auto: San Andreas
2012,0,Max Payne 2: The Fall of Max Payne
2015,1,Max Payne 2: The Fall of Max Payne
2012,3,Grand Theft Auto IV
2013,2,Grand Theft Auto IV
2014,18,Grand Theft Auto IV
2015,8,Grand Theft Auto IV
2013,2,Grand Theft Auto: Episodes from Liberty City
2014,0,Grand Theft Auto: Episodes from Liberty City
2013,0,Port Royale 2
2014,1,9th Company - Roots of Terror
2012,2,Prison Tycoon 3: Lockdown
2014,1,GRID
2015,0,GRID
2014,2,Operation Flashpoint: Dragon Rising
2015,0,Operation Flashpoint: Dragon Rising
2013,2,Audiosurf
2014,2,America's Army 3
2014,1,Tom Clancy's Ghost Recon: Advanced Warfighter 2
2014,0,Far Cry
2012,1,Tom Clancy's Rainbow Six: Vegas
2012,2,Tom Clancy's Splinter Cell
2014,1,Tom Clancy's Splinter Cell
2014,1,Tom Clancy's Ghost Recon: Advanced Warfighter
2015,2,Tom Clancy's Rainbow Six: Lockdown
2012,1,Blazing Angels 2: Secret Missions of WWII
2014,2,IL-2 Sturmovik: 1946
2015,1,"Warhammer® 40,000™: Dawn of War® II"
2012,0,Oddworld: Stranger's Wrath HD
2014,0,Legendary
2013,0,Global Agenda
2014,4,Tribes: Ascend
2015,0,Tribes: Ascend
2014,2,Crysis
2014,2,Spore
2015,2,Spore
2012,2,Mirror's Edge
2013,0,Mirror's Edge
2014,5,Mirror's Edge
2015,0,Mirror's Edge
2012,0,Command and Conquer: Red Alert 3
2014,2,Nuclear Dawn
2015,1,Nuclear Dawn
2011,0,And Yet It Moves
2014,1,Eternity's Child
2012,0,Alice: Madness Returns
2014,3,Far Cry 2
2015,0,Far Cry 2
2012,0,Red Faction: Guerrilla Steam Edition
2014,2,Red Faction: Guerrilla Steam Edition
2014,2,S.T.A.L.K.E.R.: Clear Sky
2013,1,"Warhammer® 40,000™: Dawn of War® II - Chaos Rising™"
2014,2,The Witcher: Enhanced Edition
2014,1,The Witcher 2: Assassins of Kings Enhanced Edition
2015,1,The Witcher 2: Assassins of Kings Enhanced Edition
2014,2,LEGO Batman: The Videogame
2013,0,F.E.A.R. 3
2014,0,F.E.A.R. 3
2015,2,F.E.A.R. 3
2014,2,Street Fighter IV
2013,2,Resident Evil 5 / Biohazard 5
2015,0,World of Goo
2012,2,Fallout 3
2013,0,The Elder Scrolls IV: Oblivion 
2014,1,BRINK
2015,1,BRINK
2012,2,Fallout 3 - Game of the Year Edition
2014,2,Fallout 3 - Game of the Year Edition
2012,1,Fallout: New Vegas
2014,0,Fallout: New Vegas
2015,4,Fallout: New Vegas
2014,0,Alien Breed 2: Assault
2012,2,The Last Remnant
2015,2,Tropico 3 - Steam Special Edition
2012,4,Train Simulator
2014,6,Train Simulator
2015,8,Train Simulator
2012,2,PAYDAY: The Heist
2013,2,PAYDAY: The Heist
2014,7,PAYDAY: The Heist
2015,1,PAYDAY: The Heist
2014,0,King Arthur: Collection
2011,2,Dreamkiller
2012,1,Spore: Galactic Adventures
2014,2,Burnout Paradise: The Ultimate Box
2015,2,Burnout Paradise: The Ultimate Box
2013,0,SimCity 4 Deluxe
2014,1,Battlefield: Bad Company 2
2015,2,Battlefield: Bad Company 2
2015,2,Mass Effect 2
2012,2,Overgrowth
2014,2,Overgrowth
2015,1,Overgrowth
2015,1,Madballs in...Babo: Invasion
2012,0,Hearts of Iron III
2014,0,Hearts of Iron III
2015,0,Hearts of Iron III
2015,0,Majesty 2
2012,0,Braid
2014,1,Crayon Physics Deluxe
2015,0,Dead Horde
2012,0,Kane & Lynch 2: Dog Days
2015,1,Kane & Lynch 2: Dog Days
2015,2,Caster
2012,2,Poker Night at the Inventory
2014,3,Poker Night at the Inventory
2015,4,Poker Night at the Inventory
2015,2,STAR WARS™ Starfighter™
2014,3,STAR WARS™: Knights of the Old Republic™
2015,0,STAR WARS™: Knights of the Old Republic™
2012,1,STAR WARS™ Jedi Knight: Mysteries of the Sith™
2015,2,STAR WARS™ Jedi Knight: Mysteries of the Sith™
2012,0,STAR WARS™: The Force Unleashed™ Ultimate Sith Edition
2015,1,STAR WARS™: The Force Unleashed™ Ultimate Sith Edition
2012,2,LEGO® Star Wars™: The Complete Saga
2015,2,STAR WARS™: The Force Unleashed™ II
2015,2,The Lord of the Rings: War in the North
2015,2,Zombie Shooter
2015,2,Tom Clancy's Splinter Cell: Conviction
2012,0,Assassin's Creed II
2013,2,Assassin's Creed II
2014,0,Assassin's Creed II
2015,2,Assassin's Creed II
2013,0,Call of Juarez: The Cartel
2014,1,Driver San Francisco
2015,1,Driver San Francisco
2011,2,From Dust
2012,2,From Dust
2014,0,From Dust
2014,0,Tropico
2014,2,Arma 2: Operation Arrowhead
2015,2,Arma 2: Operation Arrowhead
2014,0,The Fish Fillets 2
2013,2,Pound of Ground
2014,0,Napoleon: Total War
2012,2,Total War: SHOGUN 2
2013,0,Total War: SHOGUN 2
2013,0,Sniper: Ghost Warrior
2015,0,Sniper: Ghost Warrior
2012,0,Sniper Ghost Warrior 2
2013,2,Sniper Ghost Warrior 2
2014,5,Sniper Ghost Warrior 2
2012,0,Bad Rats
2014,7,Bad Rats
2015,6,Bad Rats
2014,3,Killing Floor Mod: Defence Alliance 2
2012,2,Rising Storm/Red Orchestra 2 Multiplayer
2014,2,Rising Storm/Red Orchestra 2 Multiplayer
2015,1,Rising Storm/Red Orchestra 2 Multiplayer
2013,0,The Ball
2015,0,The Ball
2012,2,Trine
2014,1,Forsaken World 
2014,2,Darkest of Days
2013,1,Fallout 2
2012,0,Earthworm Jim
2015,1,Faerie Solitaire
2015,2,RUSH
2012,2,CrimeCraft GangWars
2014,2,CrimeCraft GangWars
2015,4,CrimeCraft GangWars
2012,0,Moonbase Alpha
2014,0,Moonbase Alpha
2014,6,RIFT
2014,1,Dungeon Siege
2015,2,Dungeon Siege 2
2014,2,FINAL FANTASY XIV: A Realm Reborn
2015,4,FINAL FANTASY XIV: A Realm Reborn
2012,2,Gothic 3
2012,0,The Guild II: Renaissance
2015,2,The Guild II: Renaissance
2014,2,Supreme Commander 2
2014,1,Nail'd
2015,0,Risen 2 - Dark Waters
2015,3,Super Meat Boy
2014,0,Stronghold HD
2014,0,Stronghold Crusader HD
2012,2,Serious Sam 3: BFE
2014,2,Serious Sam 3: BFE
2014,2,Hammerfight
2013,2,Gratuitous Space Battles
2015,0,Trino
2012,0,Lead and Gold - Gangs of the Wild West
2015,0,Lead and Gold - Gangs of the Wild West
2014,2,War of the Roses
2015,3,War of the Roses
2012,1,Call of Duty: Modern Warfare 3
2013,0,Call of Duty: Modern Warfare 3
2014,4,Call of Duty: Modern Warfare 3
2015,2,Call of Duty: Modern Warfare 3
2012,1,Call of Duty: Black Ops
2014,0,Call of Duty: Black Ops
2015,2,Call of Duty: Black Ops
2014,1,Magicka
2015,1,Magicka
2012,0,The Kings' Crusade
2014,2,The Kings' Crusade
2015,1,Victoria II
2014,2,Sword of the Stars II: Enhanced Edition
2015,1,Metro 2033
2013,2,Metro: Last Light
2014,2,Metro: Last Light
2014,0,M.U.D. TV
2014,0,DiRT 3
2015,4,DiRT 3
2014,0,Operation Flashpoint: Red River
2014,2,GRID 2
2015,1,Secret of the Magic Crystal
2014,2,Dark Void Zero
2014,3,Dead Rising 2
2015,3,Dead Rising 2
2014,2,Ultra Street Fighter IV
2014,0,Dead Rising 2: Off the Record
2015,2,Real Warfare
2012,1,Future Wars
2014,0,Trapped Dead
2014,1,Stronghold 3
2012,1,Stronghold Kingdoms
2013,1,Stronghold Kingdoms
2014,6,Stronghold Kingdoms
2015,2,Stronghold Kingdoms
2014,2,Command and Conquer 4: Tiberian Twilight
2012,2,Medal of Honor(TM) Single Player
2013,0,Medal of Honor(TM) Single Player
2014,0,Medal of Honor(TM) Single Player
2015,2,Medal of Honor(TM) Single Player
2012,2,Need for Speed: Hot Pursuit
2014,4,Need for Speed: Hot Pursuit
2015,2,Need for Speed: Hot Pursuit
2014,2,The Sims(TM) 3
2014,2,Shift 2 Unleashed
2013,0,Tom Clancy's H.A.W.X. 2
2015,1,Assassin's Creed Brotherhood
2014,0,Might & Magic: Heroes VI
2015,2,Might & Magic: Heroes VI
2012,3,Anno 2070
2014,0,Anno 2070
2015,2,Anno 2070
2014,2,Mount & Blade: Warband
2015,4,Mount & Blade: Warband
2012,0,Mount & Blade: With Fire and Sword
2014,1,Mount & Blade: With Fire and Sword
2015,2,Ship Simulator Extremes
2012,2,Borderlands 2
2014,8,Borderlands 2
2015,6,Borderlands 2
2012,2,Aliens: Colonial Marines
2013,0,Aliens: Colonial Marines
2014,2,Aliens: Colonial Marines
2015,0,Aliens: Colonial Marines
2015,1,Beat Hazard
2014,2,Flight of the Icarus
2015,2,Flight of the Icarus
2014,0,Mafia II
2015,0,Spec Ops: The Line
2015,2,Darksiders
2014,2,Darksiders II
2015,2,Darksiders II
2012,3,Tactical Intervention
2013,2,Tactical Intervention
2014,16,Tactical Intervention
2015,8,Tactical Intervention
2012,0,Red Faction: Armageddon
2012,2,MX vs. ATV Reflex
2014,2,"Warhammer 40,000 Space Marine"
2012,2,Saints Row: The Third
2014,0,Saints Row: The Third
2015,2,Saints Row: The Third
2013,0,"Warhammer® 40,000™: Dawn of War® II – Retribution™"
2015,4,"Warhammer® 40,000™: Dawn of War® II – Retribution™"
2012,2,Jagged Alliance - Back in Action
2012,0,Duke Nukem Forever
2014,2,Duke Nukem Forever
2014,0,Wargame: European Escalation
2014,2,Battle: Los Angeles
2014,4,Sniper Elite V2
2012,2,Myst: Masterpiece Edition
2014,3,BIT.TRIP RUNNER
2014,2,Delve Deeper
2011,0,Men of War: Vietnam
2014,2,Carrier Command: Gaea Mission
2014,5,Arma: Cold War Assault
2015,1,Arma: Cold War Assault
2012,2,The Bureau: XCOM Declassified
2014,0,The Bureau: XCOM Declassified
2015,0,The Bureau: XCOM Declassified
2012,0,Sid Meier's Civilization: Beyond Earth
2014,8,Sid Meier's Civilization: Beyond Earth
2015,8,Sid Meier's Civilization: Beyond Earth
2012,2,The Darkness II
2014,2,The Darkness II
2013,2,Dino D-Day
2014,2,Dino D-Day
2012,0,Worms Ultimate Mayhem
2015,2,Worms Ultimate Mayhem
2012,0,Worms Blast
2014,0,Sonic Adventure DX
2015,0,Sonic Adventure DX
2014,0,Sonic Generations
2015,1,Universe Sandbox
2012,2,The Elder Scrolls V: Skyrim
2013,6,The Elder Scrolls V: Skyrim
2014,6,The Elder Scrolls V: Skyrim
2015,25,The Elder Scrolls V: Skyrim
2012,2,APOX
2014,1,Anomaly Warzone Earth
2011,0,Dead Island
2012,0,Dead Island
2013,0,Dead Island
2014,4,Dead Island
2015,3,Dead Island
2012,0,E.Y.E: Divine Cybermancy
2013,0,E.Y.E: Divine Cybermancy
2014,2,Hydrophobia: Prophecy
2015,1,DETOUR
2014,0,Shadow Harvest: Phantom Ops
2014,2,SpaceChem
2012,2,Dinner Date
2015,1,Dinner Date
2014,2,Nidhogg
2015,2,Nidhogg
2012,2,Defy Gravity
2015,5,Defy Gravity
2014,1,Steel Storm: Burning Retribution
2014,2,Ravaged Zombie Apocalypse
2014,1,Frozen Synapse
2013,0,Dungeons & Dragons: Daggerdale
2014,0,Garshasp: The Monster Slayer
2012,0,Bulletstorm
2014,0,Bulletstorm
2015,1,Bulletstorm
2012,4,Spiral Knights
2013,1,Spiral Knights
2014,9,Spiral Knights
2015,7,Spiral Knights
2014,0,Puzzle Pirates
2014,0,Kingdoms of Amalur: Reckoning™
2013,0,A.V.A - Alliance of Valiant Arms
2014,2,A.V.A - Alliance of Valiant Arms
2015,1,A.V.A - Alliance of Valiant Arms
2014,1,The Sims(TM) Medieval
2012,0,BEEP
2014,2,Portal 2 - The Final Hours
2014,4,Super Monday Night Combat
2015,7,Super Monday Night Combat
2012,3,ORION: Prelude
2014,17,ORION: Prelude
2015,2,ORION: Prelude
2012,0,A New Beginning - Final Cut
2014,2,Lume
2011,1,Fable III
2013,0,Fable III
2012,2,Age of Empires® III: Complete Collection
2013,1,Age of Empires® III: Complete Collection
2012,0,Terraria
2013,3,Terraria
2014,6,Terraria
2015,10,Terraria
2013,2,Space Pirates and Zombies
2012,6,Arma 3
2014,10,Arma 3
2015,12,Arma 3
2011,2,War Inc. Battlezone
2012,2,War Inc. Battlezone
2013,3,War Inc. Battlezone
2014,0,War Inc. Battlezone
2015,9,War Inc. Battlezone
2012,1,Crysis 2 Maximum Edition
2012,7,MicroVolts Surge
2013,1,MicroVolts Surge
2014,0,MicroVolts Surge
2015,2,MicroVolts Surge
2012,2,Neverwinter
2013,3,Neverwinter
2014,2,Neverwinter
2015,2,Neverwinter
2014,0,L.A. Noire
2015,1,Guardians of Middle-earth
2014,1,Monaco
2013,1,The Binding of Isaac
2014,1,The Binding of Isaac
2012,0,APB Reloaded
2013,6,APB Reloaded
2014,12,APB Reloaded
2015,9,APB Reloaded
2012,1,Fallen Earth
2014,5,Fallen Earth
2015,5,Fallen Earth
2012,2,PROTOTYPE 2
2014,0,PROTOTYPE 2
2012,3,Realm of the Mad God
2013,3,Realm of the Mad God
2014,17,Realm of the Mad God
2015,0,Realm of the Mad God
2015,2,Off-Road Drive
2014,0,Starvoid
2012,0,XCOM: Enemy Unknown
2015,0,XCOM: Enemy Unknown
2014,0,Gettysburg: Armored Warfare
2014,1,Torchlight II
2015,2,Before the Echo
2014,1,Sonic CD
2013,0,Revelations 2012
2012,1,Serious Sam: The Random Encounter
2015,0,Flatout 3
2014,1,DiRT Showdown
2015,0,Orcs Must Die! 2
2012,2,Wolfenstein: The New Order
2014,0,Wolfenstein: The New Order
2015,2,Wolfenstein: The New Order
2012,1,Jurassic Park: The Game
2015,0,Jurassic Park: The Game
2013,0,Assassin's Creed Revelations
2015,1,Assassin's Creed Revelations
2014,2,Magicka: Wizard Wars
2015,2,Magicka: Wizard Wars
2013,2,Impire
2014,0,Impire
2012,1,Sleeping Dogs™
2013,0,Sleeping Dogs™
2014,4,Sleeping Dogs™
2014,0,Galactic Civilizations II: Ultimate Edition
2012,2,SONIC THE HEDGEHOG 4 Episode I
2014,2,Alan Wake's American Nightmare
2015,2,Alan Wake's American Nightmare
2012,4,Call of Duty: Black Ops II
2013,3,Call of Duty: Black Ops II
2014,7,Call of Duty: Black Ops II
2015,1,Call of Duty: Black Ops II
2012,0,Hitman: Absolution
2014,5,Hitman: Absolution
2015,2,Hitman: Absolution
2013,0,Tomb Raider
2015,2,Tomb Raider
2015,1,Titan Attacks
2014,2,America's Army: Proving Grounds
2015,0,America's Army: Proving Grounds
2014,0,Binary Domain
2012,2,Crusader Kings II
2015,0,Crusader Kings II
2014,3,Dear Esther
2013,1,Fable - The Lost Chapters
2012,1,Superbrothers: Sword & Sworcery EP
2014,0,The Showdown Effect
2015,2,The Showdown Effect
2012,2,Max Payne 3
2014,3,Max Payne 3
2015,1,Max Payne 3
2015,0,Waveform
2012,1,Awesomenauts
2013,3,Awesomenauts
2014,2,Awesomenauts
2015,0,Awesomenauts
2014,2,Serious Sam 2
2015,0,Serious Sam 2
2012,1,Castle Crashers
2014,0,Castle Crashers
2015,0,Castle Crashers
2013,0,BIT.TRIP FATE
2012,0,Dishonored
2014,1,Dishonored
2015,2,Dishonored
2015,3,Mortal Kombat Kollection
2014,2,Foreign Legion: Multi Massacre
2014,2,Jet Set Radio
2014,1,Gunpoint
2013,0,Gotham City Impostors: Free To Play
2014,4,Gotham City Impostors: Free To Play
2015,5,Gotham City Impostors: Free To Play
2012,2,Saints Row IV
2014,6,Saints Row IV
2015,5,Saints Row IV
2012,0,Dungeons & Dragons Online®
2014,2,AirMech
2015,1,AirMech
2014,2,3SwitcheD
2013,1,Indie Game: The Movie
2013,2,SpeedRunners
2014,0,SpeedRunners
2015,1,SpeedRunners
2014,2,Tony Hawk's Pro Skater HD
2012,0,Archeblade
2013,2,Archeblade
2014,2,Archeblade
2015,2,Archeblade
2015,2,"Hack, Slash, Loot"
2015,0,Rayman Origins
2015,0,The Walking Dead
2014,1,A Virus Named TOM
2014,0,Moon Breakers
2012,2,Loadout
2014,17,Loadout
2015,20,Loadout
2013,0,Tryst
2012,0,Assassin's Creed® III
2013,2,Assassin's Creed® III
2014,2,Assassin's Creed® III
2015,2,Assassin's Creed® III
2014,0,Lunar Flight
2012,4,Batman™: Arkham Knight
2015,22,Batman™: Arkham Knight
2014,2,Game of Thrones 
2015,0,Game of Thrones 
2014,4,Batman™: Arkham Origins
2013,0,Guns of Icarus Online
2014,4,Guns of Icarus Online
2012,0,Resident Evil™: Operation Raccoon City
2015,0,Resident Evil™: Operation Raccoon City
2012,2,Call of Duty: Ghosts
2013,13,Call of Duty: Ghosts
2014,15,Call of Duty: Ghosts
2015,4,Call of Duty: Ghosts
2012,1,Hero Academy
2014,2,Hero Academy
2014,0,Ride to Hell: Retribution
2012,0,Strike Suit Zero
2013,2,Strike Suit Zero
2014,0,Magrunner: Dark Pulse
2012,1,Call of Duty: Advanced Warfare
2014,3,Call of Duty: Advanced Warfare
2015,17,Call of Duty: Advanced Warfare
2012,0,Cortex Command
2012,2,RAW - Realms of Ancient War
2013,2,RAW - Realms of Ancient War
2014,2,RAW - Realms of Ancient War
2012,8,Blacklight: Retribution
2013,4,Blacklight: Retribution
2014,13,Blacklight: Retribution
2015,10,Blacklight: Retribution
2014,2,Angry Birds Space
2013,0,Sanctum 2
2014,2,Sanctum 2
2015,2,Sanctum 2
2012,1,Viking: Battle for Asgard
2014,0,Viking: Battle for Asgard
2015,2,Viking: Battle for Asgard
2014,0,Primal Fears
2012,0,Deadlight
2013,0,Deadlight
2015,1,Deadlight
2012,2,Dark Souls: Prepare to Die Edition
2014,9,Dark Souls: Prepare to Die Edition
2015,0,Dark Souls: Prepare to Die Edition
2014,0,Adventures of Shuggy
2013,0,RaceRoom Racing Experience 
2014,1,RaceRoom Racing Experience 
2015,2,RaceRoom Racing Experience 
2012,1,Starbound
2013,6,Starbound
2014,12,Starbound
2015,4,Starbound
2012,2,Galaxy on Fire 2™ Full HD
2014,0,Galaxy on Fire 2™ Full HD
2012,0,Star Conflict
2014,0,Star Conflict
2015,0,Star Conflict
2014,4,Vindictus
2015,1,Vindictus
2013,0,Combat Arms
2014,5,Combat Arms
2015,2,Combat Arms
2014,2,Mabinogi
2015,0,Mabinogi
2014,0,The Amazing Spider-Man
2012,0,Tom Clancy's Ghost Recon Future Soldier
2014,0,FTL: Faster Than Light
2014,4,Super Crate Box
2012,2,Transformers: Fall of Cybertron
2015,1,LEGO Batman 2
2014,1,Dwarfs F2P
2012,2,South Park™: The Stick of Truth™
2014,3,South Park™: The Stick of Truth™
2012,2,Minimum
2014,6,Minimum
2015,3,Minimum
2014,0,I Am Alive
2014,1,Dollar Dash
2012,2,Gear Up
2014,4,Gear Up
2015,12,Gear Up
2012,0,Alien: Isolation
2015,3,Alien: Isolation
2012,2,Mark of the Ninja
2012,1,Call of Duty: Black Ops - OSX
2013,0,Thirty Flights of Loving
2014,1,Thirty Flights of Loving
2014,2,Guacamelee! Gold Edition
2015,2,Half Minute Hero: Super Mega Neo Climax Ultimate Boy
2012,2,Total War: ROME II - Emperor Edition
2013,4,Total War: ROME II - Emperor Edition
2014,7,Total War: ROME II - Emperor Edition
2015,12,Total War: ROME II - Emperor Edition
2014,0,Intrusion 2
2015,1,Intrusion 2
2015,2,WAKFU
2013,0,ROSE Online
2015,1,The Secret World
2012,2,Primal Carnage
2013,2,Primal Carnage
2014,2,Rocketbirds: Hardboiled Chicken
2015,0,Home
2014,0,Tiny Troopers
2013,2,MapleStory
2014,4,MapleStory
2015,3,MapleStory
2013,0,Dead Island Riptide
2014,1,Dead Island Riptide
2014,2,Don Bradman Cricket 14
2015,0,Total War Battles: SHOGUN
2014,2,Rise of the Triad
2012,0,Alien Rage - Unlimited
2015,2,Alien Rage - Unlimited
2014,2,Democracy 2
2015,2,Democracy 2
2014,1,BIT.TRIP Presents... Runner2: Future Legend of Rhythm Alien
2015,0,Dungeonland
2012,2,PlanetSide 2
2013,1,PlanetSide 2
2014,13,PlanetSide 2
2015,17,PlanetSide 2
2014,0,Frontline Tactics
2014,6,RaiderZ
2012,38,PAYDAY 2
2013,4,PAYDAY 2
2014,37,PAYDAY 2
2015,171,PAYDAY 2
2014,0,Lucius
2015,0,Lucius
2015,3,Scribblenauts Unlimited
2014,0,Mercenary Kings
2012,7,Chivalry: Medieval Warfare
2013,6,Chivalry: Medieval Warfare
2014,6,Chivalry: Medieval Warfare
2015,7,Chivalry: Medieval Warfare
2013,0,Proteus
2014,4,Proteus
2014,0,Don't Starve
2015,0,Don't Starve
2015,0,King Arthur's Gold
2013,0,Football Superstars
2015,0,Football Superstars
2014,4,Antichamber
2013,0,The Walking Dead™: Survival Instinct
2014,2,The Walking Dead™: Survival Instinct
2015,0,The Walking Dead™: Survival Instinct
2014,0,Trials Evolution Gold Edition
2015,0,Trials Evolution Gold Edition
2012,0,Kerbal Space Program
2012,2,Far Cry® 3
2013,0,Far Cry® 3
2014,9,Far Cry® 3
2015,1,Far Cry® 3
2014,0,StarDrive
2014,0,RPG Maker VX Ace
2014,2,McPixel
2015,2,McPixel
2012,1,Towns
2014,0,Towns
2015,0,Towns
2012,14,DayZ
2013,4,DayZ
2014,56,DayZ
2015,64,DayZ
2015,2,iPi Recorder 2
2012,4,Age of Empires II: HD Edition
2014,0,Age of Empires II: HD Edition
2015,5,Age of Empires II: HD Edition
2013,0,Super Hexagon
2014,0,Super Hexagon
2012,2,Rocksmith 2014
2013,2,The Stanley Parable
2014,2,The Stanley Parable
2015,2,The Stanley Parable
2015,1,THE KING OF FIGHTERS '98 ULTIMATE MATCH FINAL EDITION
2013,0,Resident Evil Revelations / Biohazard Revelations
2014,0,Resident Evil Revelations / Biohazard Revelations
2014,0,Reus
2012,0,Wargame: AirLand Battle
2012,3,Insurgency
2014,3,Insurgency
2015,12,Insurgency
2014,13,Dead Island: Epidemic
2015,4,Dead Island: Epidemic
2015,2,Dead Pixels
2014,0,Forge
2014,2,POSTAL 2
2015,4,POSTAL 2
2014,2,Blockscape
2015,2,Blockscape
2014,0,F1 2013
2012,2,Cry of Fear
2014,3,Cry of Fear
2015,1,Cry of Fear
2012,0,No More Room in Hell
2013,3,No More Room in Hell
2014,10,No More Room in Hell
2015,5,No More Room in Hell
2014,0,Afterfall InSanity Extended Edition
2015,2,Afterfall InSanity Extended Edition
2012,2,Gnomoria
2015,1,Gnomoria
2012,15,Ace of Spades
2013,11,Ace of Spades
2014,17,Ace of Spades
2015,23,Ace of Spades
2013,0,Arma 2: DayZ Mod
2014,3,Arma 2: DayZ Mod
2012,0,Defiance
2014,4,Defiance
2015,1,Defiance
2013,2,FEZ
2015,0,FEZ
2015,0,Tomb Raider I
2013,0,Brütal Legend
2014,1,Brütal Legend
2015,2,Brütal Legend
2013,2,DARK
2014,2,DARK
2012,1,Cities in Motion 2
2012,5,Just Cause 3
2015,7,Just Cause 3
2015,0,Blade Symphony
2012,0,Sacred 2 Gold
2012,3,Sven Co-op
2012,1,Marvel Heroes 2016
2014,3,Marvel Heroes 2016
2015,0,Marvel Heroes 2016
2014,0,F1 2014
2012,11,Infestation: Survivor Stories Classic
2013,9,Infestation: Survivor Stories Classic
2014,36,Infestation: Survivor Stories Classic
2015,10,Infestation: Survivor Stories Classic
2014,1,Ironclad Tactics
2012,0,Pinball FX2
2013,0,Rise of Venice
2014,1,Papo & Yo
2014,1,Sniper Elite: Nazi Zombie Army
2012,1,Kinetic Void
2014,2,Kinetic Void
2014,1,Kingdom Wars
2015,0,Sang-Froid - Tales of Werewolves
2015,2,Construct 2 Free
2015,2,No Time to Explain
2012,0,Euro Truck Simulator 2
2015,0,Euro Truck Simulator 2
2012,8,StarForge
2013,7,StarForge
2014,7,StarForge
2015,12,StarForge
2012,1,Firefall
2014,1,Firefall
2015,0,Firefall
2014,2,Castle Story
2015,4,Castle Story
2012,23,Heroes & Generals
2014,9,Heroes & Generals
2015,41,Heroes & Generals
2015,2,Fallen Enchantress: Legendary Heroes
2012,2,Baldur's Gate: Enhanced Edition
2013,2,Baldur's Gate: Enhanced Edition
2012,2,Next Car Game: Wreckfest
2014,0,Next Car Game: Wreckfest
2015,0,Next Car Game: Wreckfest
2012,0,Teenage Mutant Ninja Turtles: Out of the Shadows
2014,0,TrackMania² Canyon
2014,0,Dream
2015,1,Dream
2014,2,ShootMania Storm
2015,0,ShootMania Storm
2013,1,War for the Overworld
2015,0,War for the Overworld
2015,2,Universe Sandbox ²
2012,11,Warframe
2013,3,Warframe
2014,7,Warframe
2015,17,Warframe
2012,0,Lords of Football
2013,0,La-Mulana
2014,1,Starseed Pilgrim
2014,0,Beatbuddy: Tale of the Guardians
2014,1,Ragnarok Online 2
2015,1,Ragnarok Online 2
2012,0,Company of Heroes 2
2013,2,Company of Heroes 2
2014,2,Company of Heroes 2
2015,1,Company of Heroes 2
2015,0,Leisure Suit Larry in the Land of the Lounge Lizards: Reloaded
2015,4,Euro Truck Simulator
2013,2,Eador. Masters of the Broken World
2012,7,Killing Floor 2
2015,7,Killing Floor 2
2012,2,Gone Home
2014,8,Gone Home
2015,2,Gone Home
2014,0,Mars: War Logs
2014,1,POSTAL
2014,2,Broken Age
2015,0,Broken Age
2012,3,Godus
2013,4,Godus
2014,6,Godus
2015,4,Godus
2012,0,Stronghold Crusader 2
2014,0,Stronghold Crusader 2
2013,0,TrackMania² Stadium
2014,0,TrackMania² Stadium
2012,0,Defense Technica
2015,0,Shadow Warrior
2012,5,Planetary Annihilation
2014,14,Planetary Annihilation
2015,4,Planetary Annihilation
2014,0,Far Cry® 3 Blood Dragon
2015,0,Far Cry® 3 Blood Dragon
2014,0,MURDERED: SOUL SUSPECT™
2015,2,Avadon 2: The Corruption
2012,0,Prison Architect
2014,2,Prison Architect
2015,0,Prison Architect
2014,0,Evoland
2015,0,Evoland
2015,2,Sword of the Stars: The Pit
2012,2,Surgeon Simulator
2013,2,Surgeon Simulator
2014,4,Surgeon Simulator
2015,2,Organ Trail: Director's Cut
2013,0,Worms Clan Wars
2014,1,Kenshi
2014,0,Superfrog HD
2015,0,Superfrog HD
2015,3,Mad Max
2014,2,Receiver
2014,2,March of War
2012,2,Marvel Puzzle Quest
2013,0,Marvel Puzzle Quest
2014,2,Marvel Puzzle Quest
2014,2,Rush Bros
2012,0,War of the Vikings
2014,2,War of the Vikings
2015,2,War of the Vikings
2012,2,Project CARS
2015,1,Project CARS
2012,0,NARUTO SHIPPUDEN: Ultimate Ninja STORM 3 Full Burst
2012,0,Poker Night 2
2014,4,Poker Night 2
2015,2,Poker Night 2
2015,1,Bad Bots
2012,2,Strider
2013,1,Prime World
2014,0,Prime World
2013,0,King’s Bounty: Legions
2014,0,King’s Bounty: Legions
2014,2,METAL GEAR RISING: REVENGEANCE
2015,0,METAL GEAR RISING: REVENGEANCE
2012,2,Warhammer: End Times - Vermintide
2015,1,Warhammer: End Times - Vermintide
2014,2,Tom Clancy's Splinter Cell Blacklist
2015,2,Tom Clancy's Splinter Cell Blacklist
2014,1,Dungeon Defenders II
2015,2,Dungeon Defenders II
2014,2,Starpoint Gemini 2
2012,1,Interstellar Marines
2014,2,Interstellar Marines
2015,1,Interstellar Marines
2012,11,War Thunder
2013,4,War Thunder
2014,12,War Thunder
2015,12,War Thunder
2014,3,DARK SOULS™ II
2015,6,DARK SOULS™ II
2012,0,Takedown: Red Sabre
2013,0,Takedown: Red Sabre
2014,12,Takedown: Red Sabre
2015,2,Takedown: Red Sabre
2014,2,Agricultural Simulator 2013 Steam Edition
2014,2,Europa Universalis IV
2015,5,Europa Universalis IV
2012,6,HITMAN™
2014,2,Mortal Kombat Komplete Edition
2015,3,Mortal Kombat Komplete Edition
2012,2,Elsword
2014,0,Elsword
2014,2,R.I.P.D.: The Game
2012,0,Angry Video Game Nerd Adventures
2012,2,Planet Explorers
2014,3,Planet Explorers
2014,2,Agarest: Generations of War
2015,1,UFO: Afterlight
2015,0,Memento Mori 2
2014,2,The Banner Saga
2014,2,Deus Ex: Human Revolution - Director's Cut
2012,1,Sniper Elite 3
2014,0,Sniper Elite 3
2014,2,Afterfall InSanity - Dirty Arena Edition
2012,2,Edge of Space
2014,6,Edge of Space
2015,4,Edge of Space
2014,0,Outlast
2012,0,Magicka 2
2015,6,Magicka 2
2012,2,Contagion
2013,0,Contagion
2014,7,Contagion
2015,2,Contagion
2014,0,BattleBlock Theater
2015,3,BattleBlock Theater
2014,2,Loadout Campaign Beta
2014,2,Might & Magic X - Legacy 
2012,2,Bionic Dues
2014,3,Path of Exile
2015,3,Path of Exile
2013,2,"Papers, Please"
2014,3,"Papers, Please"
2014,1,Hammerwatch
2012,3,Dying Light
2015,0,Dying Light
2012,0,Thief
2014,4,Thief
2015,2,Thief
2014,5,Amnesia: A Machine for Pigs
2015,0,Amnesia: A Machine for Pigs
2012,2,The Mighty Quest For Epic Loot
2014,8,The Mighty Quest For Epic Loot
2015,7,The Mighty Quest For Epic Loot
2013,0,Spelunky
2015,0,Catan
2012,0,Gun Monkeys
2013,2,Gun Monkeys
2014,0,Gun Monkeys
2015,0,Gun Monkeys
2014,0,Soldier Front 2
2015,2,Soldier Front 2
2012,2,Game Dev Tycoon
2015,2,Game Dev Tycoon
2014,1,Panzar
2015,0,Panzar
2013,0,Solstice Arena
2015,1,Solstice Arena
2012,0,WWE 2K15
2015,0,WWE 2K15
2012,2,Wasteland 2
2014,2,Wasteland 2
2012,2,Half Minute Hero: The Second Coming
2014,0,Sherlock Holmes: Crimes and Punishments
2012,2,Ittle Dew
2012,2,State of Decay
2013,0,State of Decay
2014,2,State of Decay
2015,1,State of Decay
2012,0,The Crew
2014,1,The Crew
2015,1,The Crew
2014,3,Haunted Memories
2015,4,Haunted Memories
2015,2,Guncraft
2012,4,Middle-earth: Shadow of Mordor
2014,1,Middle-earth: Shadow of Mordor
2015,5,Middle-earth: Shadow of Mordor
2012,2,Assassin's Creed IV Black Flag
2014,3,Assassin's Creed IV Black Flag
2015,7,Assassin's Creed IV Black Flag
2012,0,Vector Thrust
2015,0,Vector Thrust
2014,2,Styx: Master of Shadows
2012,3,Nuclear Throne
2013,0,Injustice: Gods Among Us Ultimate Edition
2014,15,GunZ 2: The Second Duel
2015,2,GunZ 2: The Second Duel
2012,2,The Forest
2014,10,The Forest
2015,4,The Forest
2012,2,Cognition: An Erica Reed Thriller
2012,1,Day One: Garry's Incident
2014,4,Day One: Garry's Incident
2015,4,Day One: Garry's Incident
2012,4,Verdun
2013,3,Verdun
2015,2,Verdun
2014,4,"Sir, You Are Being Hunted"
2015,1,"Sir, You Are Being Hunted"
2014,2,Banished
2015,3,Banished
2015,2,Daikatana
2012,2,Omikron - The Nomad Soul
2014,0,The Harvest
2014,2,Rekoil
2014,2,Urban Trial Freestyle
2012,0,Watch_Dogs
2014,9,Watch_Dogs
2015,7,Watch_Dogs
2012,7,Tom Clancy's Ghost Recon Phantoms - NA
2014,26,Tom Clancy's Ghost Recon Phantoms - NA
2015,19,Tom Clancy's Ghost Recon Phantoms - NA
2012,0,Bound By Flame
2015,2,Bound By Flame
2014,2,Divinity: Dragon Commander
2015,2,Rise of Flight United
2012,0,Homeworld Remastered Collection
2014,0,Assetto Corsa
2015,5,Men of War: Assault Squad 2
2014,2,Epigenesis
2012,2,NEOTOKYO°
2014,1,NEOTOKYO°
2015,2,Divekick
2014,0,StarMade
2012,4,Space Engineers
2014,4,Space Engineers
2015,8,Space Engineers
2014,2,SNOW
2015,0,SNOW
2014,2,The Dead Linger
2015,5,The Dead Linger
2014,0,Skullgirls
2015,0,Skullgirls
2013,1,Democracy 3
2015,2,Democracy 3
2015,2,Trials Fusion
2014,2,Free to Play
2012,4,Tropico 5
2015,1,Tropico 5
2014,0,TRANSFORMERS: Rise of the Dark Spark
2015,1,Hack 'n' Slash
2012,0,Spacebase DF-9
2014,2,Spacebase DF-9
2015,0,Spacebase DF-9
2014,5,Happy Wars
2015,1,Happy Wars
2012,0,Strike Vector
2014,0,Strike Vector
2014,2,Lords of the Black Sun
2012,1,Talisman: Digital Edition
2014,0,Talisman: Digital Edition
2015,2,Talisman: Digital Edition
2015,1,"Cook, Serve, Delicious!"
2014,2,Portal 2 Sixense Perceptual Pack
2012,3,Nether
2013,2,Nether
2014,24,Nether
2015,12,Nether
2014,2,Aerena
2014,3,Sniper Elite: Nazi Zombie Army 2
2014,3,Sacred 3
2015,4,Freedom Planet
2014,3,Toribash
2015,2,Toribash
2015,2,Kingdoms Rise
2013,0,Iesabel
2012,1,Risk of Rain
2014,4,Risk of Rain
2015,2,Risk of Rain
2015,2,NEO Scavenger
2014,2,Vector
2014,0,LEGO® MARVEL Super Heroes
2015,4,LEGO® MARVEL Super Heroes
2014,0,Ancient Space
2012,0,Risen 3 - Titan Lords
2015,0,Carmageddon: Reincarnation
2014,1,The Castle Doctrine
2014,0,Teslagrad
2012,2,Delver
2014,0,Blackguards
2015,0,Scribblenauts Unmasked
2014,0,METAL SLUG 3
2014,2,Jazzpunk
2012,2,The Wolf Among Us
2015,2,The Wolf Among Us
2014,0,Blockland
2015,2,Blockland
2013,2,How to Survive
2014,2,How to Survive
2015,4,How to Survive
2013,5,8BitMMO
2014,5,8BitMMO
2015,1,8BitMMO
2013,0,Paranautical Activity: Deluxe Atonement Edition
2014,3,The Plan
2012,0,Wargame: Red Dragon
2014,0,Wargame: Red Dragon
2014,0,Damned
2015,2,Damned
2015,2,TowerFall Ascension
2012,7,7 Days to Die
2013,1,7 Days to Die
2014,16,7 Days to Die
2015,14,7 Days to Die
2015,4,Battle Nations
2015,1,Master Reboot
2014,2,Go! Go! Nippon! ~My First Trip to Japan~
2015,0,Go! Go! Nippon! ~My First Trip to Japan~
2015,0,Valdis Story: Abyssal City
2014,0,Slender: The Arrival
2012,30,Rust
2013,2,Rust
2014,27,Rust
2015,33,Rust
2015,4,OMSI 2
2014,2,Vox
2015,2,Vox
2012,7,Rocket League
2015,5,Rocket League
2015,2,Stonehearth
2012,0,CastleMiner Z
2014,2,CastleMiner Z
2015,1,CastleMiner Z
2012,1,CABAL Online
2012,0,Fortress Forever
2015,0,Fortress Forever
2014,0,Sparkle 2 Evo
2012,10,theHunter
2014,20,theHunter
2015,15,theHunter
2014,0,Bus-Simulator 2012
2012,2,Septerra Core
2014,0,Enclave
2015,0,Enclave
2014,0,World War III: Black Gold
2012,0,FortressCraft Evolved
2014,0,FortressCraft Evolved
2015,0,FortressCraft Evolved
2014,0,Pool Nation
2015,0,Pool Nation
2012,1,"Warhammer 40,000: Storm of Vengeance"
2014,2,resident evil 4 / biohazard 4
2014,0,Abyss Odyssey
2015,0,Abyss Odyssey
2014,2,KickBeat Steam Edition
2014,4,Magic 2015
2015,2,Magic 2015
2014,2,NBA 2K14
2013,0,Entropy
2012,4,Cities: Skylines
2015,0,Jagged Alliance Flashback
2014,0,Adventure Park
2014,2,Enemy Front
2012,0,Child of Light
2015,4,Child of Light
2014,2,WRC 4 FIA WORLD RALLY CHAMPIONSHIP
2013,2,Might & Magic: Duel of Champions
2015,2,Bloody Trapland
2014,1,Violett
2012,0,Hyper Light Drifter
2014,0,Frozen Hearth
2014,2,Deus Ex: The Fall
2014,4,Gauntlet™ 
2015,1,Alone in the Dark
2014,2,Heli Heroes
2015,0,Heli Heroes
2014,0,Zigfrak
2012,2,Particulars
2015,0,Tales of Maj'Eyal
2012,1,Dead Sky
2014,0,YOU DON'T KNOW JACK HEADRUSH
2012,2,Valiant Hearts: The Great War™ / Soldats Inconnus : Mémoires de la Grande Guerre™
2014,0,Get Off My Lawn!
2012,0,The Four Kings Casino and Slots
2014,2,World Basketball Tycoon
2014,0,The Walking Dead: Season Two
2015,2,The Walking Dead: Season Two
2012,2,Killer is Dead
2015,2,Killer is Dead
2014,2,Lifeless Planet
2012,2,Borderlands: The Pre-Sequel
2014,2,Borderlands: The Pre-Sequel
2015,12,Borderlands: The Pre-Sequel
2015,0,Lichdom: Battlemage
2012,4,Darkest Dungeon
2015,4,Darkest Dungeon
2014,1,Toy Soldiers: Complete
2012,2,World of Guns: Gun Disassembly
2014,3,World of Guns: Gun Disassembly
2015,0,World of Guns: Gun Disassembly
2012,0,Our Darker Purpose
2015,2,Our Darker Purpose
2014,1,Blockstorm
2015,0,Blockstorm
2014,1,Signs of Life
2012,2,Spintires
2014,0,Spintires
2015,0,Spintires
2014,2,Probably Archery
2014,6,The Stomping Land
2015,5,The Stomping Land
2014,1,Dragons and Titans
2014,1,Villagers and Heroes
2015,3,Villagers and Heroes
2014,1,Unearthed: Trail of Ibn Battuta - Episode 1 - Gold Edition
2015,0,Muffin Knight
2014,0,Turbo Dismount
2012,2,Victory: The Age of Racing
2012,0,Pixel Piracy
2014,2,Pixel Piracy
2015,0,Pixel Piracy
2012,2,One Finger Death Punch
2014,2,99 Levels To Hell
2014,2,La Tale
2012,0,Subnautica
2015,0,Deadly 30
2015,0,Viscera Cleanup Detail: Santa's Rampage
2012,0,Lords Of The Fallen
2014,4,Lords Of The Fallen
2012,2,Dead Rising 3
2014,3,Dead Rising 3
2012,5,Fistful of Frags
2014,3,Fistful of Frags
2015,2,Fistful of Frags
2015,0,Secret Ponchos
2012,0,Cannons Lasers Rockets
2014,2,Cannons Lasers Rockets
2015,3,Cannons Lasers Rockets
2015,0,The Sandbox
2014,0,Alpha Kimori™ Episode One 
2012,0,Goat Simulator
2014,16,Goat Simulator
2015,5,Goat Simulator
2014,1,City of Steam: Arkadia
2015,2,Lost Saga North America
2015,1,One Way Heroics
2015,1,Helicopter Simulator 2014: Search and Rescue
2015,0,Calibre 10 Racing Series
2014,2,Anarchy Arcade
2015,3,Anarchy Arcade
2012,4,Age of Mythology: Extended Edition
2014,0,Age of Mythology: Extended Edition
2015,2,Age of Mythology: Extended Edition
2015,2,Beware Planet Earth
2012,0,Batman™: Arkham Origins Blackgate - Deluxe Edition
2012,2,The Amazing Spider-Man 2
2014,0,The Amazing Spider-Man 2
2015,1,The Amazing Spider-Man 2
2014,1,Airport Simulator 2014
2015,1,Airport Simulator 2014
2014,2,Woodcutter Simulator 2013
2012,0,Glacier 3: The Meltdown
2015,2,Glacier 3: The Meltdown
2012,0,The Evil Within
2012,0,Aura Kingdom
2015,2,Aura Kingdom
2012,2,XCOM 2
2012,2,Magicite
2014,2,The Yawhg
2012,6,Hero Siege
2015,2,Hero Siege
2012,2,liteCam Game: 100 FPS Game Capture
2015,2,Montas
2014,1,Dethroned!
2014,0,Spate
2015,1,N.P.P.D. RUSH - The milk of Ultra violet
2015,2,RUNNING WITH RIFLES
2012,0,Depression Quest
2014,3,Depression Quest
2015,2,Depression Quest
2012,2,Frozen State
2015,0,Lambda Wars Beta
2012,0,Robot Roller-Derby Disco Dodgeball
2012,2,Yet Another Zombie Defense
2014,0,Yet Another Zombie Defense
2015,2,Yet Another Zombie Defense
2014,2,Car Mechanic Simulator 2014
2015,2,Offworld Trading Company
2012,2,HAWKEN
2014,6,HAWKEN
2015,2,HAWKEN
2012,13,Grand Theft Auto V
2015,42,Grand Theft Auto V
2014,1,Humanity Asset
2014,2,Tom Clancy's Ghost Recon Phantoms - EU
2015,2,Vertiginous Golf
2012,4,Counter-Strike Nexon: Zombies
2014,12,Counter-Strike Nexon: Zombies
2015,10,Counter-Strike Nexon: Zombies
2012,14,Evolve Stage 2
2015,9,Evolve Stage 2
2015,0,Driving School Simulator
2012,0,Game Tycoon 1.5
2014,0,Game Tycoon 1.5
2012,0,Warehouse and Logistics Simulator
2015,1,Warehouse and Logistics Simulator
2015,2,Hotline Miami 2: Wrong Number
2012,2,Broforce
2015,0,Broforce
2012,0,RONIN
2015,2,RONIN
2014,0,OlliOlli
2015,2,OlliOlli
2014,1,Gods Will Be Watching
2015,2,Revolution Ace
2014,0,Skara - The Blade Remains
2012,0,Murder Miners
2014,0,Murder Miners
2015,0,Murder Miners
2015,0,FaceRig
2012,1,Depth
2015,1,Depth
2012,2,Shelter 2
2014,4,Canyon Capers
2015,1,Canyon Capers
2015,0,"Warhammer 40,000: Kill Team"
2012,128,No Man's Sky
2012,0,Toy Soldiers: War Chest
2015,2,Halo: Spartan Assault
2015,0,Assassin's Creed Freedom Cry
2012,0,Deadbreed®
2014,1,DYNASTY WARRIORS 8: Xtreme Legends Complete Edition
2012,4,A Story About My Uncle
2015,0,Skyborn
2015,0,Aveyond 3-2: Gates of Night
2014,1,Labyrinthine Dreams
2012,3,DiggerOnline
2015,6,DiggerOnline
2014,6,Aperture Tag: The Paint Gun Testing Initiative
2012,3,Creativerse
2014,0,Battlepillars Gold Edition
2015,2,Raven's Cry
2012,2,A Boy and His Blob
2012,2,BloodRayne: Betrayal
2014,5,Real Horror Stories Ultimate Edition
2015,0,Real Horror Stories Ultimate Edition
2012,3,Homeworld: Deserts of Kharak
2015,0,The Legend of Korra™
2014,0,Explodemon
2012,2,Stellaris
2015,2,MX vs. ATV Supercross Encore
2012,1,This War of Mine
2014,0,NBA 2K15
2015,0,NBA 2K15
2012,0,Quake Live
2014,2,Quake Live
2015,1,Quake Live
2012,4,RollerCoaster Tycoon World
2012,0,100% Orange Juice
2015,0,100% Orange Juice
2015,0,Hyperdimension Neptunia Re;Birth1
2012,0,Super Chibi Knight
2012,0,Spoiler Alert
2014,1,Nosferatu: The Wrath of Malachi
2015,0,Marine Sharpshooter II: Jungle Warfare
2012,2,Salt and Sanctuary
2014,0,Rabbit Hole 3D: Steam Edition
2012,0,Enigmatis 2: The Mists of Ravenwood
2015,0,Pixel Puzzles: Japan
2014,0,LEGO® The Hobbit™
2015,2,LEGO® The Hobbit™
2014,0,RollerCoaster Tycoon: Deluxe
2012,2,ACE - Arena: Cyber Evolution
2014,1,ACE - Arena: Cyber Evolution
2012,2,Gang Beasts
2015,0,Gang Beasts
2015,1,TerraTech
2015,0,Dead Effect
2014,2,Thinking with Time Machine
2015,1,Thinking with Time Machine
2014,0,You Have to Win the Game
2014,0,ReignMaker
2012,4,FarSky
2015,0,Shadows on the Vatican - Act I: Greed
2015,4,F1 2015
2015,1,S.K.I.L.L. - Special Force 2
2015,1,Chaos Domain
2015,2,Autocraft
2012,0,Resident Evil Revelations 2 / Biohazard Revelations 2
2015,2,Resident Evil Revelations 2 / Biohazard Revelations 2
2015,1,Colin McRae Rally
2014,0,Rise of Nations: Extended Edition
2012,0,METAL GEAR SOLID V: THE PHANTOM PAIN
2015,6,METAL GEAR SOLID V: THE PHANTOM PAIN
2015,1,Jack Nicklaus Perfect Golf
2012,2,Ampu-Tea
2015,0,Ampu-Tea
2014,0,Endless Legend
2014,2,Freight Tycoon Inc.
2014,2,King's Bounty: Dark Side
2012,1,Assassin's Creed Unity
2014,3,Assassin's Creed Unity
2015,8,Assassin's Creed Unity
2014,0,Lara Croft and the Temple of Osiris
2012,4,Life is Feudal: Your Own
2014,6,Life is Feudal: Your Own
2015,0,Life is Feudal: Your Own
2015,1,Echo of Soul
2012,2,Rebel Galaxy
2014,0,Time Ramesside (A New Reckoning)
2014,0,Earth: Year 2066
2014,2,The Fall
2012,0,You Must Build A Boat
2015,0,The Hat Man: Shadow Ward
2015,6,UberStrike
2014,0,Vitrum
2012,2,Undead Overlord
2012,2,Duelyst
2012,1,Warface
2014,10,Warface
2015,7,Warface
2012,1,Brawlhalla
2015,2,Brawlhalla
2015,0,Pillars of Eternity
2014,0,Industry Empire
2015,1,The Witcher 3: Wild Hunt
2012,0,FINAL FANTASY XIII
2014,1,FINAL FANTASY XIII
2015,0,FINAL FANTASY XIII
2015,2,FINAL FANTASY XIII-2
2014,2,X-Plane 10 Global - 64 Bit
2015,2,X-Plane 10 Global - 64 Bit
2012,0,Duet
2012,1,Uriel's Chasm
2014,3,Uriel's Chasm
2015,2,Uriel's Chasm
2015,2,Caribbean!
2014,0,Coma: Mortuary
2014,0,Amazing World
2014,2,Guns and Robots
2015,0,Guns and Robots
2014,0,TOME: Immortal Arena
2015,2,Automation - The Car Company Tycoon Game
2015,2,Cult of the Wind
2015,2,Merchants of Kaidan
2014,2,They Breathe
2015,2,Valkyria Chronicles™
2012,18,H1Z1: Just Survive
2015,42,H1Z1: Just Survive
2014,1,Football Manager 2015
2015,2,Football Manager 2015
2014,1,Royal Quest
2014,2,Darkwind: War on Wheels
2015,2,Darkwind: War on Wheels
2015,2,Never Alone (Kisima Ingitchuna)
2015,2,Evopollution
2014,0,G-Ball
2012,1,Mount Your Friends
2015,0,Monstrum 
2015,1,Lucius II
2015,6,Heroes of Might & Magic III - HD Edition
2014,0,Beyond Space
2014,2,Cosmic DJ
2012,3,Landmark
2014,0,Landmark
2015,3,Landmark
2012,2,Total Annihilation
2012,2,Master of Orion
2012,1,Far Cry 4
2014,2,Far Cry 4
2015,3,Far Cry 4
2014,2,Eldevin
2012,6,Red Crucible: Firestorm
2015,8,Red Crucible: Firestorm
2012,2,Only If
2014,0,Only If
2015,2,Only If
2012,2,Knightmare Tower
2014,0,Victory At Sea
2012,2,The Escapists
2015,2,The Escapists
2012,2,Blood: One Unit Whole Blood
2012,2,Block N Load
2015,15,Block N Load
2012,0,CubeGun
2012,0,Woodle Tree Adventures
2014,4,Woodle Tree Adventures
2015,0,Woodle Tree Adventures
2015,2,Rogue Stormers
2014,0,Face of Mankind
2015,2,Terrorhedron
2012,4,Miscreated
2014,2,Miscreated
2015,0,Miscreated
2012,0,Beasts of Prey
2014,0,Beasts of Prey
2015,3,Beasts of Prey
2014,0,Franchise Hockey Manager 2014
2015,2,Total War Battles: KINGDOM
2015,2,Road Redemption
2015,2,Toy Story 3
2015,2,Fiesta Online NA
2012,4,Eastside Hockey Manager
2015,1,Frederic: Resurrection of Music
2014,1,GEARCRACK Arena
2012,47,Robocraft
2014,17,Robocraft
2015,18,Robocraft
2012,1,Zombie Army Trilogy
2015,4,Zombie Army Trilogy
2015,2,RADical ROACH Deluxe Edition
2015,0,Cars 2
2012,2,Saints Row: Gat out of Hell
2015,3,Saints Row: Gat out of Hell
2014,2,Trucks & Trailers
2014,0,Dungeon Defenders Eternity
2014,1,Floating Point
2012,4,Ryse: Son of Rome
2015,2,Ryse: Son of Rome
2014,1,BLOCKADE 3D
2015,23,BLOCKADE 3D
2012,4,The Beginner's Guide
2015,3,The Beginner's Guide
2012,4,Dead Bits
2014,0,Dead Bits
2015,6,Dead Bits
2012,1,The Witcher Adventure Game
2012,4,ArcheAge
2015,1,ArcheAge
2012,6,Trove
2015,21,Trove
2014,0,Grand Chase
2012,1,INSIDE
2015,0,Rooms: The Main Building
2014,0,Sunless Sea
2012,10,Unturned
2014,22,Unturned
2015,23,Unturned
2014,0,Battle Islands
2015,0,Battle Islands
2012,2,The Long Dark
2015,0,Another Perspective
2012,0,Dragon: The Game
2014,2,Dragon: The Game
2015,0,Heavy Fire: Afghanistan
2012,3,The Elder Scrolls Online: Tamriel Unlimited
2014,2,The Elder Scrolls Online: Tamriel Unlimited
2015,4,The Elder Scrolls Online: Tamriel Unlimited
2015,1,World of Subways 1 – The Path
2014,2,Frontline : Road to Moscow
2015,0,Overlord: Fellowship of Evil
2014,10,Zombies Monsters Robots
2015,3,"I, Zombie"
2014,1,Velvet Sundown
2015,0,Velvet Sundown
2012,4,Sleeping Dogs: Definitive Edition
2012,10,Mortal Kombat X
2015,10,Mortal Kombat X
2012,2,Savage Lands
2015,2,Savage Lands
2015,1,Ziggurat
2015,5,The Way of Life Free Edition
2012,6,Fractured Space
2015,0,Fractured Space
2012,0,DiRT Rally
2012,1,Onikira: Demon Killer
2012,6,Street Fighter V
2014,0,The Stalin Subway
2012,30,Call of Duty: Black Ops III
2015,32,Call of Duty: Black Ops III
2012,2,Naval Action
2015,2,OCEAN CITY RACING: Redux
2012,4,Enter the Gungeon
2012,1,Dead or Alive 5 Last Round
2015,2,Dead or Alive 5 Last Round
2012,0,DIG IT! - A Digger Simulator
2012,2,The Fifth Day
2015,0,The Fifth Day
2015,2,Way of the Samurai 4
2015,4,Cities XXL
2015,2,Soul Gambler
2015,0,Pixel Hunter
2012,1,The Masterplan
2012,0,Stranded Deep
2015,5,Stranded Deep
2012,0,Farming Simulator 15
2014,0,Farming Simulator 15
2012,4,Mountain
2014,2,Mountain
2015,1,Mountain
2015,0,LEGO® Batman™ 3: Beyond Gotham
2014,0,Sunrider: Mask of Arcadius
2012,0,Sakura Spirit
2014,4,Sakura Spirit
2015,2,Sakura Spirit
2015,2,Morphopolis
2015,2,CubeZ
2015,1,Forsaken Uprising
2012,0,Mighty No. 9
2014,2,Space Hack
2014,2,A.R.E.S. Extinction Agenda EX
2012,2,Polarity
2015,3,Polarity
2014,4,Dizzel
2015,1,Dizzel
2012,2,Trainz: A New Era
2015,2,Ford Racing Off Road
2015,4,WTFast Gamers Private Network (GPN)
2012,4,Magic Duels
2015,6,Magic Duels
2012,2,sZone-Online
2015,0,sZone-Online
2015,2,Battle of Empires : 1914-1918
2012,2,Toast Time
2015,0,Double Action: Boogaloo
2015,0,Portal Stories: Mel
2014,0,Color Symphony
2015,0,Quantum Rush Champions
2014,2,Cubic Castles
2015,2,Cubic Castles
2015,2,Act of Aggression
2015,1,AXYOS
2015,5,Enforcer: Police Crime Action
2015,0,Squishy the Suicidal Pig
2012,1,Five Nights at Freddy's
2014,6,Five Nights at Freddy's
2015,4,Five Nights at Freddy's
2015,1,The Collider
2015,2,Heroes of SoulCraft
2015,2,Life Is Strange™
2012,2,Granado Espada
2015,2,There Came an Echo
2015,2,Trine 3: The Artifacts of Power
2012,2,Cosmonautica
2015,2,IGT Slots Paradise Garden
2015,2,Gender Bender DNA Twister Extreme
2015,0,Primal Carnage: Extinction
2014,0,Demonlisher
2012,0,Might & Magic Heroes VII 
2015,0,Might & Magic Heroes VII 
2012,4,Geometry Dash
2014,0,The Repopulation
2015,2,Don't Starve Together
2012,4,SUPERHOT
2012,2,"Warhammer 40,000: Regicide"
2015,2,"Warhammer 40,000: Regicide"
2015,3,theHunter: Primal
2012,2,Tharsis
2015,0,TERA
2012,2,911: First Responders
2012,2,Move or Die
2015,1,Rising World
2015,2,Halo: Spartan Strike
2012,0,The Shopkeeper
2015,2,TOXIKK
2015,0,Deep Dungeons of Doom
2012,2,Sword Coast Legends
2015,2,Sword Coast Legends
2015,0,Total War: ATTILA
2012,0,Shroud of the Avatar: Forsaken Virtues
2012,1,Windward
2012,0,ShellShock Live
2015,0,Warhammer Quest
2014,2,Instant Dungeon!
2015,2,Out of Reach
2015,2,CaesarIA
2014,0,I am Bread
2015,6,I am Bread
2012,1,Tales Runner
2015,2,Wild Season - Episode 1
2015,0,Deer Hunt Legends
2015,0,Sonic Lost World
2014,0,The Moon Sliver
2012,2,The Slaughtering Grounds
2015,3,The Slaughtering Grounds
2012,0,Asteroids: Outpost
2015,0,Asteroids: Outpost
2012,0,Over The Void
2012,1,Noct
2015,0,Tales from the Borderlands
2012,2,Game of Thrones - A Telltale Games Series
2015,2,Game of Thrones - A Telltale Games Series
2015,0,Passing Pineview Forest
2015,0,Grass Simulator
2014,4,bit Dungeon II
2015,0,bit Dungeon II
2012,3,Everlasting Summer
2014,0,Everlasting Summer
2015,0,Executive Assault
2015,0,ONE PIECE PIRATE WARRIORS 3
2015,2,Why So Evil
2014,2,School of Dragons: How to Train Your Dragon
2015,0,School of Dragons: How to Train Your Dragon
2012,1,LEGO® Worlds
2015,1,LEGO® Worlds
2012,2,GRAV
2015,5,GRAV
2012,0,Five Nights at Freddy's 2
2015,1,Five Nights at Freddy's 2
2015,2,Storm United
2015,2,Project Night
2012,6,Dirty Bomb
2015,38,Dirty Bomb
2012,0,Medieval Engineers
2015,4,Medieval Engineers
2012,1,Down To One
2015,2,Down To One
2015,0,Hektor
2015,0,Town of Salem
2012,1,Magic Barrage - Bitferno
2012,2,Transformice
2015,1,Transformice
2012,2,DARK SOULS™ II: Scholar of the First Sin
2015,0,DARK SOULS™ II: Scholar of the First Sin
2014,7,Brick-Force
2015,9,Brick-Force
2015,1,Grimoire: Manastorm
2015,1,CAFE 0 ~The Drowned Mermaid~
2015,2,Nanofights
2015,2,Monster Jam
2015,0,Catmouth Island
2012,2,Anno Online
2015,0,Anno Online
2015,4,Might & Magic Heroes Online
2012,1,Deus Ex: Mankind Divided™
2012,1,The SKIES
2012,2,Ratz Instagib 2.0
2012,2,Batla
2015,0,ZOMBI
2015,2,Strife
2015,0,Castle
2015,2,Retention
2012,1,VEGA Conflict
2012,1,FreeStyle2: Street Basketball
2015,3,FreeStyle2: Street Basketball
2015,2,Basement
2015,0,FINAL FANTASY TYPE-0 HD
2015,1,Teddy Floppy Ear - Mountain Adventure
2015,1,Quintet
2015,0,TDP4:Team Battle
2015,0,Deepworld
2012,1,Camera Obscura
2015,1,Among Ripples
2012,0,Dispatcher
2015,3,Games of Glory
2012,1,MechWarrior Online
2015,2,Air Guardians
2015,0,Gunscape
2015,2,HIS (Heroes In the Sky)
2015,0,Destination Sol
2015,2,Disillusions Manga Horror
2012,2,Firefly Online Cortex
2012,2,Voxelized
2015,4,Voxelized
2015,1,CRYPTARK
2012,6,Reign Of Kings
2015,14,Reign Of Kings
2015,2,Forsaken Fortress Strategy
2015,2,Big Pharma
2012,1,LIGHTNING RETURNS: FINAL FANTASY XIII
2015,4,Infinite Crisis™
2015,0,Universal Combat CE 2.0
2015,0,Without Within
2015,2,Besiege
2012,33,ARK: Survival Evolved
2015,24,ARK: Survival Evolved
2012,3,BrainBread 2
2012,0,Racecraft
2015,4,AdVenture Capitalist
2012,2,Terra Incognita ~ Chapter One: The Descendant
2015,0,Karate Master 2 Knock Down Blow
2015,2,Hospital Manager
2015,0,The Interview
2012,4,Bierzerkers
2015,2,Bierzerkers
2015,4,Modular Combat
2015,0,Burstfire
2012,0,Tokyo Hosto
2012,2,Aftermath
2015,9,Aftermath
2015,0,Audition Online
2012,2,Wolfenstein: The Old Blood 
2015,0,Scraps: Modular Vehicle Combat
2012,2,Planet of the Eyes
2015,2,Cricket Captain 2015
2015,2,Rustbucket Rumble
2012,0,Survival: Postapocalypse Now
2015,2,Survival: Postapocalypse Now
2015,2,Killing Floor: Uncovered
2015,1,Hyperdimension Neptunia Re;Birth2 Sisters Generation
2015,2,On My Own
2015,2,Invisible Apartment
2015,0,Tales of Zestiria
2015,2,Beach Bounce
2012,2,LEGO® Jurassic World
2012,2,Better Late Than DEAD
2015,1,Better Late Than DEAD
2012,2,Time of Dragons
2012,1,Plug & Play
2015,2,Five Nights at Freddy's 3
2012,2,LoveBeat
2015,2,Assassin’s Creed® Chronicles: China
2015,0,The Settlers Online
2012,2,Why So Evil 2: Dystopia
2015,0,Why So Evil 2: Dystopia
2012,0,Gravilon
2012,4,Codename CURE
2015,2,Codename CURE
2012,2,STAR WARS™: TIE Fighter Special Edition
2012,0,Survarium
2015,6,Survarium
2015,2,METAL SLUG DEFENSE
2012,2,STAR WARS™ Galactic Battlegrounds Saga
2015,0,Port of Call
2015,2,Spooky's Jump Scare Mansion
2012,2,Excubitor
2012,0,UBERMOSH
2015,2,Angry Video Game Nerd: The Movie
2012,0,Frozen Free Fall: Snowball Fight
2015,3,Frozen Free Fall: Snowball Fight
2015,1,Make it indie!
2015,3,Shower With Your Dad Simulator 2015: Do You Still Shower With Your Dad
2015,0,Crazy Cars - Hit the Road
2015,2,Evoland 2
2012,0,Elite Dangerous
2015,9,Elite Dangerous
2012,18,Tom Clancy's Rainbow Six Siege
2015,6,Tom Clancy's Rainbow Six Siege
2015,1,Copa Petrobras de Marcas
2012,2,FINAL FANTASY X/X-2 HD Remaster
2015,0,How to Survive 2
2012,0,Spellsworn
2015,0,12 Labours of Hercules II: The Cretan Bull
2012,0,The Mean Greens - Plastic Warfare
2015,4,The Mean Greens - Plastic Warfare
2015,1,Shrooms
2015,1,404Sight
2015,2,Disney Infinity 3.0: Play Without Limits
2012,0,Tree of Life
2015,0,Adam's Venture Chronicles
2012,0,Exanima
2012,3,Black Mesa
2015,2,Black Mesa
2012,1,Romance of the Three Kingdoms 13
2015,1,O3DX
2015,0,Mega Man Legacy Collection
2015,2,Escape Machines
2015,4,Tea Party Simulator 2015™
2012,0,Battlefleet Gothic: Armada
2012,1,Clicker Heroes
2015,2,Clicker Heroes
2015,2,Face It - A game to fight inner demons
2012,0,Swordsman
2012,8,Total War: WARHAMMER
2012,0,Roguelands
2015,0,Freshman Year
2015,0,SUPER DISTRO
2012,8,Tom Clancy's The Division
2015,0,Pixel Dungeon
2012,2,Hounds: The Last Hope
2012,2,Call of Duty: Black Ops III - Awakening DLC Pack
2015,0,Zombie Zoeds
2012,2,No One But You
2012,0,Lootfest
2012,0,Seduce Me the Otome
2015,0,Avenging Angel
2012,1,FleetCOMM
2015,2,Afterlife Empire
2012,1,Assassin's Creed Syndicate
2015,2,Assassin's Creed Syndicate
2012,0,Sirius Online
2012,5,Brilliant Bob
2015,1,Despair
2012,2,Yargis - Space Melee
2012,0,Slain: Back from Hell
2012,7,Ghost in the Shell Stand Alone Complex First Assault Online
2015,2,Ghost in the Shell Stand Alone Complex First Assault Online
2012,1,Airport Madness: World Edition
2015,2,Let the Cat In
2012,1,NotGTAV
2015,0,NotGTAV
2012,4,Uncrowded
2015,17,Uncrowded
2012,3,NBA 2K16
2015,2,NBA 2K16
2015,0,Journey Of The Light - Remake
2012,2,Far Cry Primal
2012,16,Tree of Savior (English Ver.)
2015,1,Instinct
2012,2,Temper Tantrum
2015,1,Temper Tantrum
2015,1,All Is Dust
2015,2,Fury Of The Gods
2015,1,Aion
2012,2,DARK SOULS III
2015,2,Cheats 4 Hire
2015,3,Kung Fury
2012,0,ADventure Lib
2012,1,Bitweb
2012,0,"Warhammer 40,000: Eternal Crusade"
2012,0,16bit Trader
2015,4,New kind of adventure
2012,0,Trackmania Turbo
2012,0,Anno 2205
2015,2,Anno 2205
2015,4,Viridi
2015,0,Pro Evolution Soccer 2016
2012,0,The Isle
2012,2,GUILTY GEAR Xrd -SIGN-
2012,2,WildStar
2015,4,Minecraft: Story Mode - A Telltale Games Series
2012,15,Fallout 4
2015,14,Fallout 4
2015,1,Football Manager 2016
2012,0,Nomad
2012,1,Pesadelo - Regressão
2012,0,DOOM
2015,0,SpaceCorn
2015,2,Fishing Planet
2015,0,Wind of Luck: Arena
2012,20,Dead by Daylight
2015,0,Epic Cards Battle(TCG)
2012,0,Eon Altar
2015,2,Relic Hunters Zero
2012,2,Sakura Clicker
2015,6,Sakura Clicker
2015,0,Empyrion - Galactic Survival
2012,0,Dead Island Definitive Edition
2012,0,Dead Island Riptide Definitive Edition
2012,1,The Ship: Remasted
2012,10,Firewatch
2015,0,TeraBlaster
2012,0,Necropolis
2015,0,Absconding Zatwor
2015,2,Jet Racing Extreme
2012,0,WWE 2K16
2015,0,Burgers
2015,0,Planetary Annihilation: TITANS
2012,6,SMITE
2015,2,SMITE
2015,1,Pyramid Raid
2015,4,the static speaks my name
2015,0,Clown House (Palyaço Evi)
2012,7,Scrap Mechanic
2012,0,Five Nights at Freddy's 4
2015,0,Five Nights at Freddy's 4
2012,2,Darksiders II: Deathinitive Edition
2015,2,One Way To Die: Steam Edition
2015,0,Devils Share
2012,4,Knight Online
2015,4,Mitos.is: The Game
2012,2,Mugen Souls
2012,2,Little King's Story
2012,2,Steel Ocean
2015,2,Steel Ocean
2015,1,Stellar 2D
2015,1,Fingerbones
2012,9,WARMODE
2015,16,WARMODE
2012,8,Undertale
2015,1,Undertale
2012,4,Squad
2015,1,Squad
2015,1,World of Soccer online
2012,1,Hurtworld
2015,0,Hurtworld
2012,4,Battleborn
2012,0,Dance Magic
2012,0,Hearts of Iron IV
2012,4,BattleStick
2012,2,Tower Unite
2012,0,Ben and Ed
2012,2,Missing Translation
2012,2,Break Into Zatwor
2015,2,Sphere III: Enchanted World
2012,4,Faeria
2012,0,MachineCraft
2012,1,SimplePlanes
2015,0,FIREFIGHT RELOADED
2012,2,Prospekt
2015,1,Tinboy
2012,2,Nuclear Shot
2012,1,Game Corp DX
2015,2,Game Corp DX
2012,0,Destiny Warriors
2012,0,MXGP2 - The Official Motocross Videogame
2012,1,Dinosaur Hunt
2015,0,Dinosaur Hunt
2012,2,The Park
2015,0,The Park
2015,1,Nyctophilia
2012,2,Planetbase
2015,2,Planetbase
2015,2,Stigmat
2012,0,Codename: Rogue Fleet
2015,0,Clergy Splode
2015,2,Murder
2015,2,Endless Sky
2012,2,Pony Island
2015,0,Ant War: Domination
2012,2,Stop Online - Battle of Words
2012,4,Pro Evolution Soccer 2016 myClub
2012,0,Sakura Dungeon
2012,6,Gabe Newell Simulator
2012,2,Devilian
2012,0,ARK: Survival Of The Fittest
2012,0,ORION
2012,2,Cibele
2012,0,"Warhammer 40,000: Dark Nexus Arena"
2012,0,Pro Gamer Manager
2015,2,Pro Gamer Manager
2012,0,"Dr. Langeskov, The Tiger, and The Terribly Cursed Emerald: A Whirlwind Heist"
2015,0,Genesis Online
2012,2,BioShock Remastered
2012,0,Ampersand
2015,2,Ampersand
2015,2,Liftoff
2012,0,Fiends of Imprisonment
2015,2,Reveal The Deep
2012,2,SENRAN KAGURA SHINOVI VERSUS
2015,0,GASP
2012,3,The Black Death
2012,1,Days Under Custody
2012,4,Drift Streets Japan
2012,2,Stardew Valley
2012,0,Fall of the Titanic
2012,0,Epic Clicker Journey
2012,2,Cyber Team Manager
2012,0,Hyperdevotion Noire: Goddess Black Heart
2012,0,Yohjo Simulator
2012,2,Emporea
2015,2,Gunslingers
2012,0,Oh...Sir!
2012,2,Emily is Away
2015,6,Emily is Away
2012,2,Street Warriors Online
2012,6,Major\Minor
2012,3,RWBY: Grimm Eclipse
2012,2,"That Dragon, Cancer"
2015,2,Avaris 2
2012,2,Godus Wars
2012,2,Iron Snout
2012,0,Farm Expert 2017
2012,2,HunieCam Studio
2012,2,Dead Rising
2012,2,Orcs Must Die! Unchained
2012,0,Who's Your Daddy
2012,0,Hitman GO: Definitive Edition
2012,0,FNaF World
2012,2,Aozora Meikyuu
2012,1,MadOut Open City
2012,0,Resilience: Wave Survival
2012,0,The Walking Dead: Michonne
2012,2,Golf With Your Friends
2012,2,The Legend: A University Story
2012,0,Clash of the Monsters
2012,3,What's under your blanket !?
2012,1,Heliborne
2012,4,H1Z1: King of the Kill
2012,0,Premium Pool
2012,2,Blood and Bacon
2012,0,Half dead
2012,2,GameLooper
2012,2,Governor of Poker 3
2012,10,The Culling
2012,3,One Troll Army
2012,2,Lucid9
2012,0,1943 Megami Strike
2012,2,OutDrive
2012,0,Riders of Icarus
2012,3,Paladins
2012,1,Crown and Council
2012,3,Bloons TD Battles
2012,0,Zaccaria Pinball
2012,2,Jalopy
2012,4,Shattered Skies
2012,4,Day of Infamy
2012,1,Jesus Christ RPG Trilogy
2012,0,SAMOLIOTIK
2012,0,Attack on Titan / A.O.T. Wings of Freedom
2012,2,! That Bastard Is Trying To Steal Our Gold !
2012,2,Party Saboteurs
2012,2,The Rebel
2012,1,30 IMPOSSIBLE LEVELS
2012,2,Hyposphere
2012,2,AdVenture Communist
2012,0,Worm.is: The Game
2012,1,Blind Trust
2012,2,Wyatt Derp 2: Peacekeeper
2012,2,The Abbey of Crime Extensum
2012,2,MTB Downhill Simulator
2012,0,Human: Fall Flat
2012,0,Slash or Die
2012,1,Summer Sale
2012,0,Gun Done
2012,2,Unforgiving Trials: The Darkest Crusade
2012,2,Ragnarok Clicker
2012,2,Kingdom: New Lands
2012,2,Batman - The Telltale Series
2012,0,Francisca
2012,0,Strike.is: The Game
2012,2,Shop Heroes
2012,2,Sky Valley
2012,0,SCP 087. Re
2012,2,ROD: Revolt Of Defense
2012,1,The Pirate: Caribbean Hunt
2012,2,VR Gallery
